barcode,item_code,item_name,style,cost,price
8850000014636,WA-1534-16RY1-DL-M,"RY เสื้อแขนกุดเพื่อขาย สโมสรระยอง FC ",WA-1534-16RY1,118.00,279.00
8850000014637,WA-1534-16RY1-DL-L,"RY เสื้อแขนกุดเพื่อขาย สโมสรระยอง FC ",WA-1534-16RY1,118.00,279.00
8850000014638,WA-1534-16RY1-DL-XL,"RY เสื้อแขนกุดเพื่อขาย สโมสรระยอง FC ",WA-1534-16RY1,118.00,279.00
8850000014639,WA-1534-16RY1-DL-2L,"RY เสื้อแขนกุดเพื่อขาย สโมสรระยอง FC ",WA-1534-16RY1,118.00,279.00
8850000014640,WA-1534-16RY1-DL-3L,"RY เสื้อแขนกุดเพื่อขาย สโมสรระยอง FC ",WA-1534-16RY1,118.00,279.00
8850000014414,WP-1504-16RY-BB-M,"20RYกางเกงฟุตบอลเบสิค สโมสรระยอง เอฟซี ",WP-1504-16RY,95.00,249.00
8850000014374,WP-1504-16RY-BB-L,"20RYกางเกงฟุตบอลเบสิค สโมสรระยอง เอฟซี ",WP-1504-16RY,95.00,249.00
8850000014375,WP-1504-16RY-BB-XL,"20RYกางเกงฟุตบอลเบสิค สโมสรระยอง เอฟซี ",WP-1504-16RY,95.00,249.00
8850000014415,WP-1504-16RY-WW-M,"20RYกางเกงฟุตบอลเบสิค สโมสรระยอง เอฟซี ",WP-1504-16RY,95.00,249.00
8850000014416,WP-1504-16RY-WW-L,"20RYกางเกงฟุตบอลเบสิค สโมสรระยอง เอฟซี ",WP-1504-16RY,95.00,249.00
8850000014417,WP-1504-16RY-WW-XL,"20RYกางเกงฟุตบอลเบสิค สโมสรระยอง เอฟซี ",WP-1504-16RY,95.00,249.00
8850000014663,WP-1504-16RY-OO-M,"20RYกางเกงฟุตบอลเบสิค สโมสรระยอง เอฟซี ",WP-1504-16RY,95.00,249.00
8850000014664,WP-1504-16RY-OO-L,"20RYกางเกงฟุตบอลเบสิค สโมสรระยอง เอฟซี ",WP-1504-16RY,95.00,249.00
8850000014665,WP-1504-16RY-OO-XL,"20RYกางเกงฟุตบอลเบสิค สโมสรระยอง เอฟซี ",WP-1504-16RY,95.00,249.00
8850000014555,WA-16RY-51M-EW-S,"RY เสื้อฟุตบอล สโมสรระยอง FC 2016 (แฟนคลับ)",WA-16RY-51M,215.00,490.00
8850000014556,WA-16RY-51M-EW-M,"RY เสื้อฟุตบอล สโมสรระยอง FC 2016 (แฟนคลับ)",WA-16RY-51M,215.00,490.00
8850000014557,WA-16RY-51M-EW-L,"RY เสื้อฟุตบอล สโมสรระยอง FC 2016 (แฟนคลับ)",WA-16RY-51M,215.00,490.00
8850000014558,WA-16RY-51M-EW-XL,"RY เสื้อฟุตบอล สโมสรระยอง FC 2016 (แฟนคลับ)",WA-16RY-51M,215.00,490.00
8850000014559,WA-16RY-51M-EW-2L,"RY เสื้อฟุตบอล สโมสรระยอง FC 2016 (แฟนคลับ)",WA-16RY-51M,215.00,490.00
8850000014560,WA-16RY-51M-EW-3L,"RY เสื้อฟุตบอล สโมสรระยอง FC 2016 (แฟนคลับ)",WA-16RY-51M,215.00,490.00
8850000014561,WA-16RY-51M-LW-S,"RY เสื้อฟุตบอล สโมสรระยอง FC 2016 (แฟนคลับ)",WA-16RY-51M,215.00,490.00
8850000014562,WA-16RY-51M-LW-M,"RY เสื้อฟุตบอล สโมสรระยอง FC 2016 (แฟนคลับ)",WA-16RY-51M,215.00,490.00
8850000014563,WA-16RY-51M-LW-L,"RY เสื้อฟุตบอล สโมสรระยอง FC 2016 (แฟนคลับ)",WA-16RY-51M,215.00,490.00
8850000014564,WA-16RY-51M-LW-XL,"RY เสื้อฟุตบอล สโมสรระยอง FC 2016 (แฟนคลับ)",WA-16RY-51M,215.00,490.00
8850000014565,WA-16RY-51M-LW-2L,"RY เสื้อฟุตบอล สโมสรระยอง FC 2016 (แฟนคลับ)",WA-16RY-51M,215.00,490.00
8850000014566,WA-16RY-51M-LW-3L,"RY เสื้อฟุตบอล สโมสรระยอง FC 2016 (แฟนคลับ)",WA-16RY-51M,215.00,490.00
8850000014567,WA-16RY-51M-OB-S,"RY เสื้อฟุตบอล สโมสรระยอง FC 2016 (แฟนคลับ)",WA-16RY-51M,215.00,490.00
8850000014568,WA-16RY-51M-OB-M,"RY เสื้อฟุตบอล สโมสรระยอง FC 2016 (แฟนคลับ)",WA-16RY-51M,215.00,490.00
8850000014569,WA-16RY-51M-OB-L,"RY เสื้อฟุตบอล สโมสรระยอง FC 2016 (แฟนคลับ)",WA-16RY-51M,215.00,490.00
8850000014570,WA-16RY-51M-OB-XL,"RY เสื้อฟุตบอล สโมสรระยอง FC 2016 (แฟนคลับ)",WA-16RY-51M,215.00,490.00
8850000014571,WA-16RY-51M-OB-2L,"RY เสื้อฟุตบอล สโมสรระยอง FC 2016 (แฟนคลับ)",WA-16RY-51M,215.00,490.00
8850000014572,WA-16RY-51M-OB-3L,"RY เสื้อฟุตบอล สโมสรระยอง FC 2016 (แฟนคลับ)",WA-16RY-51M,215.00,490.00
8850000014396,WA-16RY-50M-EW-S,"RY เสื้อฟุตบอล สโมสรระยอง FC 2016 (นักเตะ)",WA-16RY-50M(ห้ามขาย),221.00,490.00
8850000014397,WA-16RY-50M-EW-M,"RY เสื้อฟุตบอล สโมสรระยอง FC 2016 (นักเตะ)",WA-16RY-50M(ห้ามขาย),221.00,490.00
8850000014398,WA-16RY-50M-EW-L,"RY เสื้อฟุตบอล สโมสรระยอง FC 2016 (นักเตะ)",WA-16RY-50M(ห้ามขาย),221.00,490.00
8850000014399,WA-16RY-50M-EW-XL,"RY เสื้อฟุตบอล สโมสรระยอง FC 2016 (นักเตะ)",WA-16RY-50M(ห้ามขาย),221.00,490.00
8850000014400,WA-16RY-50M-EW-2L,"RY เสื้อฟุตบอล สโมสรระยอง FC 2016 (นักเตะ)",WA-16RY-50M(ห้ามขาย),221.00,490.00
8850000014401,WA-16RY-50M-EW-3L,"RY เสื้อฟุตบอล สโมสรระยอง FC 2016 (นักเตะ)",WA-16RY-50M(ห้ามขาย),221.00,490.00
8850000014402,WA-16RY-50M-LW-S,"RY เสื้อฟุตบอล สโมสรระยอง FC 2016 (นักเตะ)",WA-16RY-50M(ห้ามขาย),221.00,490.00
8850000014403,WA-16RY-50M-LW-M,"RY เสื้อฟุตบอล สโมสรระยอง FC 2016 (นักเตะ)",WA-16RY-50M(ห้ามขาย),221.00,490.00
8850000014404,WA-16RY-50M-LW-L,"RY เสื้อฟุตบอล สโมสรระยอง FC 2016 (นักเตะ)",WA-16RY-50M(ห้ามขาย),221.00,490.00
8850000014405,WA-16RY-50M-LW-XL,"RY เสื้อฟุตบอล สโมสรระยอง FC 2016 (นักเตะ)",WA-16RY-50M(ห้ามขาย),221.00,490.00
8850000014406,WA-16RY-50M-LW-2L,"RY เสื้อฟุตบอล สโมสรระยอง FC 2016 (นักเตะ)",WA-16RY-50M(ห้ามขาย),221.00,490.00
8850000014407,WA-16RY-50M-LW-3L,"RY เสื้อฟุตบอล สโมสรระยอง FC 2016 (นักเตะ)",WA-16RY-50M(ห้ามขาย),221.00,490.00
8850000014408,WA-16RY-50M-OB-S,"RY เสื้อฟุตบอล สโมสรระยอง FC 2016 (นักเตะ)",WA-16RY-50M(ห้ามขาย),221.00,490.00
8850000014409,WA-16RY-50M-OB-M,"RY เสื้อฟุตบอล สโมสรระยอง FC 2016 (นักเตะ)",WA-16RY-50M(ห้ามขาย),221.00,490.00
8850000014410,WA-16RY-50M-OB-L,"RY เสื้อฟุตบอล สโมสรระยอง FC 2016 (นักเตะ)",WA-16RY-50M(ห้ามขาย),221.00,490.00
8850000014411,WA-16RY-50M-OB-XL,"RY เสื้อฟุตบอล สโมสรระยอง FC 2016 (นักเตะ)",WA-16RY-50M(ห้ามขาย),221.00,490.00
8850000014412,WA-16RY-50M-OB-2L,"RY เสื้อฟุตบอล สโมสรระยอง FC 2016 (นักเตะ)",WA-16RY-50M(ห้ามขาย),221.00,490.00
8850000014413,WA-16RY-50M-OB-3L,"RY เสื้อฟุตบอล สโมสรระยอง FC 2016 (นักเตะ)",WA-16RY-50M(ห้ามขาย),221.00,490.00
8850000013269,WS-16RY-94Z-LW,"RY ธงแลกเปลี่ยน สโมสรระยอง",WS-16RY-94Z,70.00,350.00
8850000012879,WA-1709-16RY-WE-M,"20RYเสื้อวอร์ม วาริกซ์ ปักโลโก้สโมสร ระยอง",WA-1709-16RY,442.00,1009.00
8850000012880,WA-1709-16RY-WE-L,"20RYเสื้อวอร์ม วาริกซ์ ปักโลโก้สโมสร ระยอง",WA-1709-16RY,442.00,1009.00
8850000012881,WA-1709-16RY-WE-XL,"20RYเสื้อวอร์ม วาริกซ์ ปักโลโก้สโมสร ระยอง",WA-1709-16RY,442.00,1009.00
